name,price,Proj,$/pt,OVERDIFF,BE,weekdiff,name,,,
REECE WALSH,$497 ,45,37,8.5,21,24,REECE,WALSH,REECE WALSH,Reece Walsh
Jesse Arthars,$390 ,27.7,29,-1,45,-17.4,Jesse,Arthars,Jesse Arthars,Jesse Arthars
Gehamat shibasaki,$529 ,37.1,39,-1.8,30,7.1,Gehamat,shibasaki,Gehamat shibasaki,Gehamat Shibasaki
KOTONI STAGGS,$548 ,40.3,40,0,15,25.3,KOTONI,STAGGS,KOTONI STAGGS,Kotoni Staggs
josiah karapani,$331 ,34,24,9.6,2,32,josiah,karapani,josiah karapani,josiah karapani
EZRA MAM,$472 ,34,35,-0.7,39,-5,EZRA,MAM,EZRA MAM,Ezra Mam
ADAM REYNOLDS,$656 ,52.5,48,4.3,52,0.5,ADAM,REYNOLDS,ADAM REYNOLDS,Adam Reynolds
PAYNE HAAS,$890 ,67,65,1.5,63,4,PAYNE,HAAS,PAYNE HAAS,Payne Haas
Billy Walters,$399 ,20.8,29,-8.5,49,-28.2,Billy,Walters,Billy Walters,Billy Walters
PAT CARRIGAN,$752 ,55.4,55,0.1,73,-17.6,PAT,CARRIGAN,PAT CARRIGAN,Patrick Carrigan
Brendan Piakura,$403 ,29.2,30,-0.5,29,0.2,Brendan,Piakura,Brendan Piakura,Brendan Piakura
JORDAN RIKI,$526 ,44.5,39,5.8,44,0.5,JORDAN,RIKI,JORDAN RIKI,Jordan Riki
KOBE HETHERINGTON,$431 ,28.5,32,-3.2,30,-1.5,KOBE,HETHERINGTON,KOBE HETHERINGTON,KOBE HETHERINGTON
JACK GOSIEWSKI,$287 ,21.6,21,0.5,29,-7.4,JACK,GOSIEWSKI,JACK GOSIEWSKI,Jack Gosiewski
XAVIER WILLISON,$433 ,34,32,2.2,21,13,XAVIER,WILLISON,XAVIER WILLISON,Xavier Willison
Corey Jensen,$403 ,35.3,30,5.7,27,8.3,Corey,Jensen,Corey Jensen,Corey Jensen
Corey Paix,$368 ,37,27,9.9,23,14,Corey,Paix,Corey Paix,Cory Paix
SCOTT DRINKWATER,$549 ,54.7,40,14.3,64,-9.3,SCOTT,DRINKWATER,SCOTT DRINKWATER,Scott Drinkwater
MURRAY TAULAGI,$513 ,35.6,38,-2.2,50,-14.5,MURRAY,TAULAGI,MURRAY TAULAGI,Murray Taulagi
viliame vailea rd17,$441 ,32.4,32,0,22,10.4,viliame,vailea,viliame vailea,Viliami Vailea
zac laybutt,$379 ,34,28,6.1,35,-1,zac,laybutt,zac laybutt,zac laybutt
robert derby,$405 ,33.2,30,3.4,50,-16.8,robert,derby,robert derby,Robert Derby
TOM DEARDEN,$621 ,47.4,46,1.7,65,-17.6,TOM,DEARDEN,TOM DEARDEN,Tom Dearden
jaxon purdue,$488 ,45.8,36,9.9,52,-6.2,jaxon,purdue,jaxon purdue,Jaxon Purdue
coen hess,$452 ,41.8,33,8.6,17,24.8,coen,hess,coen hess,Coen Hess
REECE ROBSON,$600 ,50.7,44,6.6,64,-13.3,REECE,ROBSON,REECE ROBSON,Reece Robson
jordan mclean,$377 ,26.9,28,-0.8,28,-1.1,jordan,mclean,jordan mclean,Jordan McLean
JOHN BATEMAN,$611 ,48.8,45,3.8,49,-0.3,JOHN,BATEMAN,JOHN BATEMAN,John Bateman
JEREMIAH NANAI,$521 ,44.3,38,5.9,52,-7.8,JEREMIAH,NANAI,JEREMIAH NANAI,Jeremiah Nanai
REUBEN COTTER,$556 ,46.7,41,5.9,51,-4.3,REUBEN,COTTER,REUBEN COTTER,Reuben Cotter
GRIFFIN NEAME,$399 ,33.3,29,3.9,22,11.3,GRIFFIN,NEAME,GRIFFIN NEAME,Griffin Neame
sam mcintyre,$417 ,29.7,31,-1,42,-12.3,sam,mcintyre,sam mcintyre,Sam McIntyre
jason taumalolo rd20??,$439 ,28.9,32,-3.4,28,0.9,jason,taumalolo,jason taumalolo,Jason Taumalolo
Harrison Edwards,$414 ,16.8,30,-13.6,15,1.8,Harrison,Edwards,Harrison Edwards,Harrison Edwards
connor tracey,$464 ,40.3,34,6.2,24,16.3,connor,tracey,connor tracey,Connor Tracey
marcelo montoya,$365 ,32.4,27,5.6,6,26.4,marcelo,montoya,marcelo montoya,Marcelo Montoya
STEPHEN CRICHTON,$544 ,39.7,40,-0.3,43,-3.3,STEPHEN,CRICHTON,STEPHEN CRICHTON,Stephen Crichton
bronson xerri,$450 ,34.8,33,1.7,30,4.8,bronson,xerri,bronson xerri,Bronson Xerri
jacob kiraz,$722 ,52.1,53,-0.9,62,-9.9,jacob,kiraz,jacob kiraz,Jacob Kiraz
MATT BURTON,$567 ,46.6,42,4.9,29,17.6,MATT,BURTON,MATT BURTON,Matt Burton
lachlan galvin,$512 ,47.4,38,9.8,54,-6.6,lachlan,galvin,lachlan galvin,Lachlan Galvin
MAX KING,$690 ,51,51,0.2,56,-5,MAX,KING,MAX KING,Max King
REED MAHONEY,$550 ,36,40,-4.4,39,-3,REED,MAHONEY,REED MAHONEY,Reed Mahoney
HARRY HAYES,$562 ,29.2,41,-12.1,22,7.2,HARRY,HAYES,HARRY HAYES,Harry Hayes
VILIAME KIKAU,$635 ,46,47,-0.7,35,11,VILIAME,KIKAU,VILIAME KIKAU,Viliame Kikau
JACOB PRESTON,$771 ,58.5,57,1.8,64,-5.5,JACOB,PRESTON,JACOB PRESTON,Jacob Preston
KURT MANN,$412 ,34,30,3.7,26,8,KURT,MANN,KURT MANN,KURT MANN
toby sexton,$550 ,18,40,-22.4,32,-14,toby,sexton,toby sexton,Toby Sexton
BAILEY HAYWARD,$366 ,25.2,27,-1.7,30,-4.8,BAILEY,HAYWARD,BAILEY HAYWARD,Bailey Hayward
JOSH CURRAN,$644 ,41.9,47,-5.5,50,-8.2,JOSH,CURRAN,JOSH CURRAN,Josh Curran
sitili tupouniua rd19,$430 ,30.6,32,-1,57,-26.4,sitili,tupouniua,sitili tupouniua,Sitili Tupouniua
isaiah iongi,$496 ,40.3,36,3.8,35,5.3,isaiah,iongi,isaiah iongi,Isaiah Iongi
zac lomax,$606 ,51.5,45,7,57,-5.5,zac,lomax,zac lomax,Zac Lomax
sean russell,$386 ,28.4,28,0.1,20,8.4,sean,russell,sean russell,Sean Russell
WILL PENISINI rd21,$367 ,34.8,27,7.8,26,8.8,WILL,PENISINI,WILL PENISINI,Will Penisini
josh addo-carr,$462 ,37.1,34,3.2,53,-15.9,josh,addo-carr,josh addo-carr,Josh Addo-Carr
dylan brown,$538 ,44.2,40,4.7,62,-17.8,dylan,brown,dylan brown,Dylan Brown
MITCHELL MOSES rd20,$635 ,45,47,-1.7,57,-12,MITCHELL,MOSES,MITCHELL MOSES,Mitchell Moses
jack williams,$641 ,44,47,-3.1,46,-2,jack,williams,jack williams,Jack Williams
ryley smith rd20,$550 ,37.6,40,-2.8,43,-5.4,ryley,smith,ryley smith,Ryley Smith
JUNIOR PAULO,$629 ,49.3,46,3.1,32,17.3,JUNIOR,PAULO,JUNIOR PAULO,Junior Paulo
Kelma Tuilagi,$435 ,36.6,32,4.6,11,25.6,Kelma,Tuilagi,Kelma Tuilagi,Kelma Tuilagi
kitione kautoga,$538 ,38.2,40,-1.3,40,-1.8,kitione,kautoga,kitione kautoga,Kitione Kautoga
J'MAINE HOPGOOD,$547 ,42.8,40,2.5,39,3.8,J'MAINE,HOPGOOD,J'MAINE HOPGOOD,J'maine Hopgood
matt doorey,$256 ,24.7,19,5.9,21,3.7,matt,doorey,matt doorey,matt doorey
jordan samrani,$389 ,21.3,29,-7.4,39,-17.8,jordan,samrani,jordan samrani,jordan samrani
joash papalii,$244 ,17.1,18,-0.8,15,2.1,joash,papalii,joash papalii,joash papalii
dylan walker,$478 ,33.3,35,-1.8,33,0.3,dylan,walker,dylan walker,Dylan Walker
kaeo weekes,$440 ,37.1,32,4.8,49,-11.9,kaeo,weekes,kaeo weekes,Kaeo Weekes
jed stuart,$240 ,27.7,18,10,9,18.7,jed,stuart,jed stuart,jed stuart
SEBASTIAN KRIS,$383 ,33.2,28,5,25,8.2,SEBASTIAN,KRIS,SEBASTIAN KRIS,Sebastian Kris
MATT TIMOKO,$484 ,40.3,36,4.7,43,-2.7,MATT,TIMOKO,MATT TIMOKO,Matthew Timoko
xavier savage,$326 ,27.7,24,3.7,44,-16.4,xavier,savage,xavier savage,Xavier Savage
ethan strange,$524 ,38.7,39,0.2,30,8.7,ethan,strange,ethan strange,Ethan Strange
JAMAL FOGARTY,$680 ,54.4,50,4.4,66,-11.6,JAMAL,FOGARTY,JAMAL FOGARTY,Jamal Fogarty
morgan smithies,$560 ,41.6,41,0.4,46,-4.4,morgan,smithies,morgan smithies,Morgan Smithies
tom starling,$594 ,48.1,44,4.4,42,6.1,tom,starling,tom starling,Tom Starling
JOSEPH TAPINE,$721 ,58.3,53,5.3,60,-1.7,JOSEPH,TAPINE,JOSEPH TAPINE,Joseph Tapine
HUDSON YOUNG,$777 ,56.1,57,-1,81,-24.9,HUDSON,YOUNG,HUDSON YOUNG,Hudson Young
ZAC HOSKING,$563 ,50.4,41,9,50,0.4,ZAC,HOSKING,ZAC HOSKING,Zac Hosking
corey horsburgh,$630 ,54.1,46,7.7,53,1.1,corey,horsburgh,corey horsburgh,corey horsburgh
simi sasagi,$340 ,24.1,25,-0.9,18,6.1,simi,sasagi,simi sasagi,simi sasagi
josh papali'i,$460 ,27.2,34,-6.6,12,15.2,josh,papali'i,josh papali'i,Josh Papalii
Ata Mariota,$342 ,29.8,25,4.6,20,9.8,Ata,Mariota,Ata Mariota,Ata Mariota
owen pattie,$245 ,13.5,18,-4.5,16,-2.5,owen,pattie,owen pattie,Owen Pattie
DYLAN EDWARDS,$524 ,49.8,39,11.2,48,1.8,DYLAN,EDWARDS,DYLAN EDWARDS,Dylan Edwards
tom jenkins,$563 ,32.4,41,-9,20,12.4,tom,jenkins,tom jenkins,Thomas Jenkins
casey mclean,$450 ,38.7,33,5.6,28,10.7,casey,mclean,casey mclean,casey mclean
IZACK TAGO,$382 ,35.6,28,7.5,44,-8.5,IZACK,TAGO,IZACK TAGO,Izack Tago
BRIAN TO'O,$568 ,47.4,42,5.6,56,-8.6,BRIAN,TO'O,BRIAN TO'O,Brian To'o
Blaize Talagi,$420 ,35.6,31,4.7,33,2.6,Blaize,Talagi,Blaize Talagi,Blaize Talagi
NATHAN CLEARY,$896 ,68.8,66,2.9,67,1.8,NATHAN,CLEARY,NATHAN CLEARY,Nathan Cleary
isaiah papalii,$560 ,35.9,41,-5.3,39,-3.1,isaiah,papalii,isaiah papalii,Isaiah Papali'i
MITCH KENNY,$557 ,39.5,41,-1.4,38,1.5,MITCH,KENNY,MITCH KENNY,Mitch Kenny
MOSES LEOTA,$515 ,36.6,38,-1.3,31,5.6,MOSES,LEOTA,MOSES LEOTA,Moses Leota
LIAM MARTIN,$455 ,37.7,33,4.2,29,8.7,LIAM,MARTIN,LIAM MARTIN,Liam Martin
scott sorenson rd20,$481 ,37.8,35,2.4,9,28.8,scott,sorenson,scott sorenson,Scott Sorensen
ISAAH YEO,$754 ,64.7,55,9.3,66,-1.3,ISAAH,YEO,ISAAH YEO,Isaah Yeo
liam henry,$497 ,37.4,37,0.9,26,11.4,liam,henry,liam henry,Liam Henry
lindsay smith,$636 ,49.5,47,2.7,60,-10.5,lindsay,smith,lindsay smith,Lindsay Smith
LUKE GARNER,$456 ,18.4,34,-15.1,26,-7.6,LUKE,GARNER,LUKE GARNER,Luke Garner
brad schneider,$349 ,6,26,-19.7,7,-1,brad,schneider,brad schneider,Brad Schneider
WILLIAM KENNEDY,$326 ,31.6,24,7.6,23,8.6,WILLIAM,KENNEDY,WILLIAM KENNEDY,William Kennedy
RONALDO MULITALO,$427 ,38.7,31,7.3,67,-28.3,RONALDO,MULITALO,RONALDO MULITALO,Ronaldo Mulitalo
mawene hiroti rd20,$431 ,35.6,32,3.9,3.8,31.8,mawene,hiroti,mawene hiroti,mawene hiroti
JESSE RAMIEN,$426 ,41.9,31,10.5,24,17.9,JESSE,RAMIEN,JESSE RAMIEN,Jesse Ramien
SIONE KATOA,$503 ,36.3,37,-0.6,40,-3.7,SIONE,KATOA,SIONE KATOA,SIONE KATOA
Braydon Trindall,$428 ,33.2,31,1.7,29,4.2,Braydon,Trindall,Braydon Trindall,Braydon Trindall
NICHO HYNES,$595 ,52.3,44,8.6,54,-1.7,NICHO,HYNES,NICHO HYNES,Nicholas Hynes
oregon kaufusi rd19,$453 ,36,33,2.7,32,4,oregon,kaufusi,oregon kaufusi,Oregon Kaufusi
BLAYKE BRAILEY,$659 ,46.8,48,-1.7,26,20.8,BLAYKE,BRAILEY,BLAYKE BRAILEY,Blayke Brailey
addin fonua-blake,$726 ,56.3,53,2.9,52,4.3,addin,fonua-blake,addin fonua-blake,Addin Fonua-Blake
TEIG WILTON rd19?,$556 ,47.4,41,6.5,50,-2.6,TEIG,WILTON,TEIG WILTON,Teig Wilton
BRITON NIKORA,$560 ,48.2,41,7,20,28.2,BRITON,NIKORA,BRITON NIKORA,Briton Nikora
CAMERON MCINNES,$655 ,47.8,48,-0.3,56,-8.2,CAMERON,MCINNES,CAMERON MCINNES,CAMERON MCINNES
siosifa talakai,$322 ,25.6,24,1.9,10,15.6,siosifa,talakai,siosifa talakai,Siosifa Talakai
toby rudolf,$358 ,30.6,26,4.3,30,0.6,toby,rudolf,toby rudolf,Toby Rudolf
jesse colqhoun,$306 ,16.5,23,-6,5,11.5,jesse,colqhoun,jesse colqhoun,jesse colquhoun
daniel atkinson,$230 ,13.3,17,-3.6,89,-75.7,daniel,atkinson,daniel atkinson,Daniel Atkinson
latrell mitchell,$718 ,58.9,53,6.1,49,9.9,latrell,mitchell,latrell mitchell,Latrell Mitchell
isiaiah tass,$306 ,23.7,23,1.2,33,-9.3,isiaiah,tass,isiaiah tass,Isaiah Tass
campbell graham rd17,$465 ,41.1,34,6.9,32,9.1,campbell,graham,campbell graham,Campbell Graham
jack wighton,$402 ,34,30,4.4,31,3,jack,wighton,jack wighton,Jack Wighton
ALEX JOHNSTON,$476 ,32.4,35,-2.6,15,17.4,ALEX,JOHNSTON,ALEX JOHNSTON,Alex Johnston
CODY WALKER rd17,$315 ,38.7,23,15.5,38,0.7,CODY,WALKER,CODY WALKER,Cody Walker
jayden sullivan rd20??,$320 ,26.1,24,2.5,24,2.1,jayden,sullivan,jayden sullivan,jayden sullivan
jai arrow,$567 ,38.5,42,-3.2,33,5.5,jai,arrow,jai arrow,Jai Arrow
peter mamouzelous RD20?,$580 ,35.2,43,-7.4,49,-13.8,peter,mamouzelous,peter mamouzelous,Peter Mamouzelos
keaon koloamatagi,$842 ,59.5,62,-2.4,62,-2.5,keaon,koloamatagi,keaon koloamatagi,Keaon Koloamatangi
tallis duncan,$550 ,45.2,40,4.8,17,28.2,tallis,duncan,tallis duncan,Tallis Duncan
euan aitken,$652 ,53.7,48,5.8,63,-9.3,euan,aitken,euan aitken,Euan Aitken
lachlan hubner,$440 ,32,32,-0.4,37,-5,lachlan,hubner,lachlan hubner,Lachlan Hubner
JAMIE HUMPHREYS,$447 ,25.2,33,-7.6,33,-7.8,JAMIE,HUMPHREYS,JAMIE HUMPHREYS,JAMIE HUMPHREYS
TEVITA TATOLA,$448 ,34.9,33,1.9,41,-6.2,TEVITA,TATOLA,TEVITA TATOLA,Tevita Tatola
sean keppie,$358 ,22.4,26,-3.9,46,-23.6,sean,keppie,sean keppie,Sean Keppie
liam le blanc,$230 ,16.9,17,0,77,-60.1,liam,le,liam le,liam le Blanc
aj brimson,$505 ,40.3,37,3.2,52,-11.7,aj,brimson,aj brimson,AJ Brimson
AKP,$394 ,30.8,29,1.8,-2,32.8,AKP,,AKP,Alofiana Khan-Pereira
phillip sami,$510 ,37.9,38,0.4,40,-2.1,phillip,sami,phillip sami,Phillip Sami
jojo fifita,$474 ,39.5,35,4.6,35,4.5,jojo,fifita,jojo fifita,Jojo Fifita
allan fitzgibbon,$230 ,30,17,13.1,22,8,allan,fitzgibbon,allan fitzgibbon,allan fitzgibbon
jayden campbell rd19?,$677 ,58.9,50,9.2,81,-22.1,jayden,campbell,jayden campbell,Jayden Campbell
kieran foran,$413 ,41.9,30,11.5,30,11.9,kieran,foran,kieran foran,kieran foran
Regan campbell gillard,$426 ,36,31,4.7,36,0,Regan,campbell,Regan campbell,Regan campbell
SAM VERRILLS,$552 ,45.3,41,4.7,47,-1.7,SAM,VERRILLS,SAM VERRILLS,Sam Verrills
MOEAKI FOTUAIKA,$572 ,50.4,42,8.3,52,-1.7,MOEAKI,FOTUAIKA,MOEAKI FOTUAIKA,Moeaki Fotuaika
BEAU FERMOR,$684 ,52.1,50,1.8,52,0.1,BEAU,FERMOR,BEAU FERMOR,Beau Fermor
Chris Randall,$527 ,42.8,39,4,10,32.8,Chris,Randall,Chris Randall,Chris Randall
TINO FA'ASUAMALEAUI,$679 ,56.7,50,6.8,88,-31.3,TINO,FA'ASUAMALEAUI,Tino Fa'asuamaleaui,Tino Fa'asuamaleaui
JAIMIN JOLIFFE,$529 ,39.1,39,0.2,16,23.1,JAIMIN,JOLIFFE,JAIMIN JOLIFFE,Jaimin Jolliffe
jacob alick-wiencke,$242 ,13.5,18,-4.3,28,-14.5,jacob,alick-wiencke,jacob alick-wiencke,jacob alick-wiencke
Klese Haas,$424 ,24,31,-7.2,33,-9,Klese,Haas,Klese Haas,Klese Haas
jaylan de groot rd17,$320 ,6.3,24,-17.2,35,-28.7,jaylan,de,jaylan de,jaylan de
clint gutherson,$525 ,42.7,39,4.1,60,-17.3,clint,gutherson,clint gutherson,Clinton Gutherson
nathan lawson,$266 ,27.7,20,8.1,18,9.7,nathan,lawson,nathan lawson,nathan lawson
valentine holmes,$625 ,46.8,46,0.8,61,-14.2,valentine,holmes,valentine holmes,Valentine Holmes
MOSES SULI,$432 ,37.9,32,6.2,44,-6.1,MOSES,SULI,MOSES SULI,Moses Suli
christian tuipolotu rd18,$494 ,31.6,36,-4.7,70,-38.4,christian,tuipolotu,christian tuipolotu,Christian Tuipulotu
kyle flanagan,$537 ,44.2,39,4.8,26,18.2,kyle,flanagan,kyle flanagan,Kyle Flanagan
Lyhkan King-Togia,$344 ,35.6,25,10.3,13,22.6,Lyhkan,King-Togia,Lyhkan King-Togia,Lyhkan King-Togia
David Klemmer,$473 ,35.3,35,0.5,32,3.3,David,Klemmer,David Klemmer,David Klemmer
damien cook,$619 ,44.1,46,-1.4,36,8.1,damien,cook,damien cook,Damien Cook
emre guler,$417 ,33.1,31,2.5,42,-8.9,emre,guler,emre guler,emre guler
Luciano Leilua,$448 ,34.7,33,1.7,26,8.7,Luciano,Leilua,Luciano Leilua,Luciano Leilua
JADYN SUA rd17,$625 ,50.6,46,4.6,64,-13.4,JADYN,SUA,JADYN SUA,Jaydn Su'A
hamish stewart,$509 ,39.9,37,2.5,56,-16.1,hamish,stewart,hamish stewart,Hamish Stewart
toby couchman,$682 ,53.6,50,3.4,60,-6.5,toby,couchman,toby couchman,Toby Couchman
lolo pacifika-tonga,$306 ,23.8,23,1.3,20,3.8,lolo,pacifika-tonga,lolo pacifika-tonga,loko pasifiki tonga
JACK DE BELIN,$642 ,35.1,47,-12.1,31,4.1,JACK,DE,JACK DE,#N/A
jacob liddle,$550 ,34.2,40,-6.2,43,-8.8,jacob,liddle,jacob liddle,Jacob Liddle
lehi hopoate,$517 ,41.9,38,3.9,48,-6.1,lehi,hopoate,lehi hopoate,Lehi Hopoate
REUBEN GARRICK,$575 ,45.4,42,3.1,33,12.4,REUBEN,GARRICK,REUBEN GARRICK,Reuben Garrick
tom trbojevic,$398 ,44.2,29,15,29,15.2,tom,trbojevic,tom trbojevic,Tom Trbojevic
TOLUTAU KOULA,$516 ,34.8,38,-3.2,33,1.8,TOLUTAU,KOULA,TOLUTAU KOULA,Tolutau Koula
tommy talau??,$360 ,30,26,3.5,23,7,tommy,talau??,tommy talau,tommy talau
LUKE BROOKS,$505 ,36.3,37,-0.8,29,7.3,LUKE,BROOKS,LUKE BROOKS,Luke Brooks
DALY CHERRY-EVANS,$624 ,51.4,46,5.5,51,0.4,DALY,CHERRY-EVANS,DALY CHERRY-EVANS,Daly Cherry-Evans
siosiua taukeaho,$436 ,38.3,32,6.2,40,-1.8,siosiua,taukeaho,siosiua taukeaho,Siosiua Taukeiaho
jake simpkin??,$515 ,41.3,38,3.4,62,-20.8,jake,simpkin??,jake simpkin,jake simpkin
ETHAN BULLEMOR,$461 ,36.5,34,2.6,31,5.5,ETHAN,BULLEMOR,ETHAN BULLEMOR,Ethan Bullemor
HAUMOLE OLAKAUATU RD21,$654 ,50.7,48,2.6,48,2.7,HAUMOLE,OLAKAUATU,HAUMOLE OLAKAUATU,Haumole Olakau'atu
BEN TRBOJEVIC,$516 ,37.4,38,-0.5,52,-14.6,BEN,TRBOJEVIC,BEN TRBOJEVIC,Ben Trbojevic
JAKE TRBOJEVIC,$408 ,39.9,30,9.9,30,9.9,JAKE,TRBOJEVIC,JAKE TRBOJEVIC,JAKE TRBOJEVIC
nathan brown,$405 ,25.7,30,-4.1,17,8.7,nathan,brown,nathan brown,nathan brown
jazz tevaga,$569 ,40.5,42,-1.3,47,-6.5,jazz,tevaga,jazz tevaga,Jazz Tevaga
corey waddell,$437 ,16.5,32,-15.6,40,-23.5,corey,waddell,corey waddell,Corey Waddell
toafofoa sipley,$410 ,26,30,-4.1,25,1,toafofoa,sipley,toafofoa sipley,toafofoa sipley
JAMES TEDESCO,,54.5,0,54.5,,54.5,JAMES,TEDESCO,JAMES TEDESCO,James Tedesco
DANIEL TUPOU,,37.9,0,37.9,,37.9,DANIEL,TUPOU,DANIEL TUPOU,Daniel Tupou
billy smith,,35.6,0,35.6,,35.6,billy,smith,billy smith,Billy Smith
robert toia,,37.1,0,37.1,,37.1,robert,toia,robert toia,Robert Toia
Mark Nawaqanitawase,,41.9,0,41.9,,41.9,Mark,Nawaqanitawase,Mark Nawaqanitawase,Mark Nawaqanitawase
hugo savala,,37.9,0,37.9,,37.9,hugo,savala,hugo savala,hugo savala
sam walker RD19,$573 ,40.3,42,-1.8,,40.3,sam,walker,sam walker,sam walker
SPENCER LENIU,,34.4,0,34.4,,34.4,SPENCER,LENIU,SPENCER LENIU,Spencer Leniu
Connor watson,,51.6,0,51.6,,51.6,Connor,watson,Connor watson,Connor Watson
naufahu whyte,,42.8,0,42.8,,42.8,naufahu,whyte,naufahu whyte,Naufahu Whyte
angus crichton,,54.6,0,54.6,,54.6,angus,crichton,angus crichton,Angus Crichton
siua wong rd21/22,$628 ,50.4,46,4.2,,50.4,siua,wong,siua wong,Siua Wong
victor radley RD18??,$552 ,43.6,41,3,??,#VALUE!,victor,radley,victor radley,Victor Radley
LINDSAY COLLINS,,34,0,34,,34,LINDSAY,COLLINS,LINDSAY COLLINS,Lindsay Collins
blake steep,,30.4,0,30.4,,30.4,blake,steep,blake steep,Blake Steep
egan butcher rd18,$408 ,24.4,30,-5.6,??,#VALUE!,egan,butcher,egan butcher,egan butcher
sandon smith,,15,0,15,,15,sandon,smith,sandon smith,Sandon Smith
RYAN PAPENHUYZEN,$626 ,49.4,46,3.3,58,-8.6,RYAN,PAPENHUYZEN,RYAN PAPENHUYZEN,Ryan Papenhuyzen
XAVIER COATES rd17,$508 ,32.4,37,-5,54,-21.6,XAVIER,COATES,XAVIER COATES,Xavier Coates
NICK MEANEY,$460 ,34,34,0.1,55,-21,NICK,MEANEY,NICK MEANEY,Nick Meaney
jack howarth,$412 ,37.9,30,7.6,26,11.9,jack,howarth,jack howarth,Jack Howarth
grant anderson,$468 ,30.8,34,-3.6,27,3.8,grant,anderson,grant anderson,grant anderson
CAM MUNSTER,$638 ,46.6,47,-0.3,61,-14.4,CAM,MUNSTER,CAM MUNSTER,Cameron Munster
JAHROME HUGHES,$594 ,51.4,44,7.7,32,19.4,JAHROME,HUGHES,JAHROME HUGHES,Jahrome Hughes
stefano utoikamanu,$520 ,42.1,38,3.9,36,6.1,stefano,utoikamanu,stefano utoikamanu,Stefano Utoikamanu
HARRY GRANT,$630 ,52.6,46,6.2,38,14.6,HARRY,GRANT,HARRY GRANT,Harry Grant
JOSH KING,$491 ,34.3,36,-1.8,34,0.3,JOSH,KING,JOSH KING,Josh King
SHAWN BLORE,$520 ,46.8,38,8.6,43,3.8,SHAWN,BLORE,SHAWN BLORE,Shawn Blore
ELIESA KATOA,$687 ,53.7,51,3.2,56,-2.3,ELIESA,KATOA,ELIESA KATOA,Eliesa Katoa
trent loiero,$524 ,42.4,39,3.8,55,-12.7,trent,loiero,trent loiero,trent loiero
nelson asofa-solomona,$473 ,28.5,35,-6.3,31,-2.5,nelson,asofa-solomona,nelson asofa-solomona,Nelson Asofa-Solomona
bronson garlick rd17,$401 ,28.9,29,-0.6,20,8.9,bronson,garlick,bronson garlick,bronson garlick
tui kamikamika,$247 ,22.9,18,4.7,19,3.9,tui,kamikamika,tui kamikamika,tui kamikamika
TYRAN WISHART,$334 ,16.2,25,-8.4,10,6.2,TYRAN,WISHART,TYRAN WISHART,Tyran Wishart
JAHREAM BULA,$546 ,37.9,40,-2.2,59,-21.1,JAHREAM,BULA,JAHREAM BULA,Jahream Bula
sunia turuva,$373 ,35.6,27,8.1,32,3.6,sunia,turuva,sunia turuva,Sunia Turuva
Adam Doueihi,$431 ,41.6,32,9.9,21,20.6,Adam,Doueihi,Adam Doueihi,Adam Doueihi
starford toa,$564 ,34,41,-7.5,28,6,starford,toa,starford toa,Starford To'a
jeral skelton,$409 ,35.6,30,5.5,52,-16.5,jeral,skelton,jeral skelton,Jeral Skelton
heath mason,$318 ,30.8,23,7.4,26,4.8,heath,mason,heath mason,heath mason
jarome luai,$484 ,41.1,36,5.5,21,20.1,jarome,luai,jarome luai,Jarome Luai
FONUA POLE,$399 ,36,29,6.7,39,-3,FONUA,POLE,FONUA POLE,Fonua Pole
API KOROISAU,$630 ,40.3,46,-6,48,-7.7,API,KOROISAU,API KOROISAU,Apisai Koroisau
TERRELL MAY,$981 ,70.4,72,-1.8,88,-17.7,TERRELL,MAY,TERRELL MAY,Terrell May
samuela fainu,$411 ,39.8,30,9.6,22,17.8,samuela,fainu,samuela fainu,Samuela Fainu
alex seyfarth,$568 ,39,42,-2.8,58,-19,alex,seyfarth,alex seyfarth,Alex Seyfarth
alex twal,$514 ,42.8,38,5,50,-7.3,alex,twal,alex twal,Alex Twal
jack bird,$312 ,25.4,23,2.5,20,5.4,jack,bird,jack bird,Jack Bird
latu fainu,$298 ,25.2,22,3.3,5,20.2,latu,fainu,latu fainu,latu fainu
SIONE FAINU,$333 ,33.3,24,8.8,14,19.3,SIONE,FAINU,SIONE FAINU,Sione Fainu
tallyn de silva,$230 ,16.1,17,-0.8,84,-67.9,tallyn,de,tallyn de,#N/A
KALYN PONGA,$519 ,47.4,38,9.2,3,44.4,KALYN,PONGA,KALYN PONGA,Kalyn Ponga
GREG MARZHEW rd17,$566 ,45,42,3.4,63,-18,GREG,MARZHEW,GREG MARZHEW,Greg Marzhew
BRADMAN BEST,$604 ,44.2,44,-0.2,39,5.2,BRADMAN,BEST,BRADMAN BEST,Bradman Best
DANE GAGAI,$588 ,49.5,43,6.2,49,0.5,DANE,GAGAI,DANE GAGAI,Dane Gagai
dom young,$469 ,38.7,34,4.2,30,8.7,dom,young,dom young,#N/A
tyson gamble rd19,$481 ,39.5,35,4.1,38,1.5,tyson,gamble,tyson gamble,tyson gamble
fletcher sharpe rd23?,$712 ,51.4,52,-1,62,-10.7,fletcher,sharpe,fletcher sharpe,Fletcher Sharpe
JACOB SAIFITI rd17,$446 ,41,33,8.2,22,19,JACOB,SAIFITI,JACOB SAIFITI,Jacob Saifiti
pheonix crossland,$515 ,36.5,38,-1.3,26,10.5,pheonix,crossland,pheonix crossland,Phoenix Crossland
LEO THOMPSON rd19,$611 ,50.4,45,5.4,47,3.3,LEO,THOMPSON,LEO THOMPSON,Leo Thompson
kai pearce-paul,$708 ,53.7,52,1.7,64,-10.3,kai,pearce-paul,kai pearce-paul,Kai Pearce-Paul
DYLAN LUCAS,$722 ,54.5,53,1.4,56,-1.5,DYLAN,LUCAS,DYLAN LUCAS,Dylan Lucas
TYSON FRIZELL,$465 ,40.7,34,6.5,49,-8.3,TYSON,FRIZELL,TYSON FRIZELL,TYSON FRIZELL
thomas cant,$455 ,33,33,-0.5,43,-10,thomas,cant,thomas cant,thomas cant
mat croker,$530 ,26.9,39,-12.1,40,-13.1,mat,croker,mat croker,Mat Croker
Brodie jones,$449 ,14.3,33,-18.7,22,-7.7,Brodie,jones,Brodie jones,Brodie Jones
JAYDEN BRAILEY,$375 ,22.4,28,-5.2,1,21.4,JAYDEN,BRAILEY,JAYDEN BRAILEY,Jayden Brailey
HAMISO TABUAI-FIDOW,$648 ,43.5,48,-4.2,55,-11.6,HAMISO,TABUAI-FIDOW,HAMISO TABUAI-FIDOW,Hamiso Tabuai-Fidow
Max Feagai/junior tupou??,$378 ,31.6,28,3.8,30,1.6,Max,Feagai/junior,Max Feagai/junior,#N/A
jake averillo,$460 ,34,34,0.1,30,4,jake,averillo,jake averillo,Jake Averillo
HERBIE FARNWORTH,$839 ,54.5,62,-7.2,47,7.5,HERBIE,FARNWORTH,HERBIE FARNWORTH,Herbie Farnworth
JAMAYNE ISAAKO,$544 ,41,40,1,35,6,JAMAYNE,ISAAKO,JAMAYNE ISAAKO,Jamayne Isaako
Isaiya Katoa,$754 ,56.1,55,0.6,71,-14.9,Isaiya,Katoa,Isaiya Katoa,Isaiya Katoa
Kodi Nikorima,$537 ,34.8,39,-4.7,19,15.8,Kodi,Nikorima,Kodi Nikorima,Kodi Nikorima
felise kaufusi rd19,$362 ,33.6,27,7,34,-0.4,felise,kaufusi,felise kaufusi,Felise Kaufusi
JMK,$531 ,43.6,39,4.5,56,-12.5,JMK,,JMK,Jeremy Marshall-King
FRANCIS MOLO,$428 ,31.9,31,0.4,30,1.9,FRANCIS,MOLO,FRANCIS MOLO,Francis Molo
oryn keeley,$314 ,30.6,23,7.5,12,18.6,oryn,keeley,oryn keeley,oryn keeley
kulikefu finefuiaki,$507 ,41.3,37,4.1,40,1.3,kulikefu,finefuiaki,kulikefu finefuiaki,Kulikefu Finefeuiaki
kurt donoghoe,$555 ,48.8,41,7.9,22,26.8,kurt,donoghoe,kurt donoghoe,kurt donoghoe
MARK NICHOLLS,$411 ,34.2,30,4,37,-2.8,MARK,NICHOLLS,MARK NICHOLLS,Mark Nicholls
Connoly lemuelu,$486 ,33.1,36,-2.6,38,-4.9,Connoly,lemuelu,Connoly lemuelu,Connelly Lemuelu
josh kerr rd17,$399 ,24.7,29,-4.6,36,-11.3,josh,kerr,josh kerr,josh kerr
ray stone,$443 ,25.9,33,-6.7,32,-6.1,ray,stone,ray stone,ray stone
CNK,$604 ,41.1,44,-3.3,28,13.1,CNK,,CNK,Charnze Nicoll-Klokstad
roger tuivasa-sheck,$504 ,39.5,37,2.4,39,0.5,roger,tuivasa-sheck,roger tuivasa-sheck,Roger Tuivasa-Sheck
adam pompey,$341 ,28.4,25,3.4,40,-11.6,adam,pompey,adam pompey,adam pompey
rocco berry rd17,$382 ,35.6,28,7.5,41,-5.5,rocco,berry,rocco berry,rocco berry
dallin watene-zel rd22,$271 ,37.9,20,18,35,2.9,dallin,watene-zel,dallin watene-zel,Dallin Watene-Zelezniak
chanel harris-tavita,$480 ,35.6,35,0.3,33,2.6,chanel,harris-tavita,chanel harris-tavita,Chanel Harris-Tavita
luke metcalf rd17?,$723 ,53.4,53,0.2,55,-1.6,luke,metcalf,luke metcalf,Luke Metcalf
jackson ford,$652 ,45.6,48,-2.3,40,5.6,jackson,ford,jackson ford,Jackson Ford
WAYDE EGAN,$593 ,49,44,5.4,59,-10,WAYDE,EGAN,WAYDE EGAN,Wayde Egan
james fisher-harris,$568 ,51,42,9.2,40,11,james,fisher-harris,james fisher-harris,James Fisher-Harris
leka halasima,$516 ,27,38,-10.9,40,-13,leka,halasima,leka halasima,Leka Halasima
KURT CAPEWELL rd17,$404 ,41.3,30,11.6,41,0.3,KURT,CAPEWELL,KURT CAPEWELL,Kurt Capewell
erin clark,$787 ,54.2,58,-3.7,61,-6.9,erin,clark,erin clark,erin clark
TE MAIRE MARTIN,$240 ,12.6,18,-5,24,-11.4,TE,MAIRE,TE MAIRE,Te Maire Martin
jacob laban,$352 ,30.4,26,4.5,1,29.4,jacob,laban,jacob laban,jacob laban
demetric vaimauga,$420 ,27,31,-3.9,16,11,demetric,vaimauga,demetric vaimauga,Demitric Vaimauga
marata niukore rd19,$409 ,38.5,30,8.4,44,-5.5,marata,niukore,marata niukore,Marata Niukore